[
  {
    "code": "M001",
    "primaryContact": {
      "code": "231",
      "firstName": "Tom",
      "lastName": "Baker",
      "address": {
        "street": "1 Blue Jays Way",
        "city": "Toronto",
        "state": "ON",
        "zip": "M5V 1J1",
        "country": "Canada"
      },
      "emailAddresses": [
        "famousdoc@who.com",
        "tbaker@cse.unl.edu",
        "mostfamous@whovian.com",
        "thedoctor@bbc.com"
      ]
    },
    "name": "Clark Consultants",
    "address": {
      "street": "259 Concorde Suites",
      "city": "Lincoln",
      "state": "NE",
      "zip": "68588-0115",
      "country": "USA"
    }
  },
  {
    "code": "M002",
    "primaryContact": {
      "code": "944c",
      "firstName": "Starlin",
      "lastName": "Castro",
      "address": {
        "street": "1060 West Addison Street",
        "city": "Chicago",
        "state": "IL",
        "zip": "60613",
        "country": "USA"
      },
      "emailAddresses": [
        "scastro@cubs.com",
        "starlin_castro13@gmail.com"
      ]
    },
    "name": "CAS International Fellows",
    "address": {
      "street": "1223 Oldfather Hall",
      "city": "Lincoln",
      "state": "NE",
      "zip": "68503",
      "country": "USA"
    }
  },
  {
    "code": "M003",
    "primaryContact": {
      "code": "306a",
      "firstName": "Brock",
      "lastName": "Sampson",
      "address": {
        "street": "123 N 1st Street",
        "city": "Omaha",
        "state": "NE",
        "zip": "68116",
        "country": "USA"
      },
      "emailAddresses": [
        "brock_f_sampson@gmail.com",
        "bsampson@venture.com"
      ]
    },
    "name": "Valueless Club",
    "address": {
      "street": "123 Venture Way",
      "city": "Culver City",
      "state": "CA",
      "zip": "90230",
      "country": "USA"
    }
  },
  {
    "code": "M004",
    "primaryContact": {
      "code": "321f",
      "firstName": "Bud",
      "lastName": "Fox",
      "address": {
        "street": "321 Bronx Street",
        "city": "New York",
        "state": "NY",
        "zip": "10004",
        "country": "USA"
      },
      "emailAddresses": [
        "bfox@gmail.com",
        "csheen@crazy.net"
      ]
    },
    "name": "Stony Brook",
    "address": {
      "street": "9800 Savage Rd",
      "city": "Fort Meade",
      "state": "MD",
      "zip": "20755",
      "country": "USA"
    }
  },
  {
    "code": "M005",
    "primaryContact": {
      "code": "bbchar",
      "firstName": "Kaylee",
      "lastName": "Ehrmantraut",
      "address": {
        "street": "800 West 7th Street",
        "city": "Albuquerque",
        "state": "NM",
        "zip": "87105",
        "country": "USA"
      },
      "emailAddresses": []
    },
    "name": "Hewlett Industries",
    "address": {
      "street": "1060 West Addison",
      "city": "Chicago",
      "state": "IL",
      "zip": "60601",
      "country": "USA"
    }
  },
  {
    "code": "M006",
    "primaryContact": {
      "code": "321dr",
      "firstName": "C.",
      "lastName": "Baker",
      "address": {
        "street": "Avery Hall",
        "city": "Lincoln",
        "state": "NE",
        "zip": "68503",
        "country": "USA"
      },
      "emailAddresses": [
        "dr@baker.com"
      ]
    },
    "name": "Gregory Smith",
    "address": {
      "street": "456 West 7th St.",
      "city": "Omaha",
      "state": "NE",
      "zip": "68500",
      "country": "USA"
    }
  }
]