<list>
  <GeneralCustomer>
    <code>M001</code>
    <primaryContact>
      <code>231</code>
      <firstName>Tom</firstName>
      <lastName>Baker</lastName>
      <address>
        <street>1 Blue Jays Way</street>
        <city>Toronto</city>
        <state>ON</state>
        <zip>M5V 1J1</zip>
        <country>Canada</country>
      </address>
      <emailAddresses>
        <string>famousdoc@who.com</string>
        <string>tbaker@cse.unl.edu</string>
        <string>mostfamous@whovian.com</string>
        <string>thedoctor@bbc.com</string>
      </emailAddresses>
    </primaryContact>
    <name>Clark Consultants</name>
    <address>
      <street>259 Concorde Suites</street>
      <city>Lincoln</city>
      <state>NE</state>
      <zip>68588-0115</zip>
      <country>USA</country>
    </address>
  </GeneralCustomer>
  <LowIncomeCustomer>
    <code>M002</code>
    <primaryContact>
      <code>944c</code>
      <firstName>Starlin</firstName>
      <lastName>Castro</lastName>
      <address>
        <street>1060 West Addison Street</street>
        <city>Chicago</city>
        <state>IL</state>
        <zip>60613</zip>
        <country>USA</country>
      </address>
      <emailAddresses>
        <string>scastro@cubs.com</string>
        <string>starlin_castro13@gmail.com</string>
      </emailAddresses>
    </primaryContact>
    <name>CAS International Fellows</name>
    <address>
      <street>1223 Oldfather Hall</street>
      <city>Lincoln</city>
      <state>NE</state>
      <zip>68503</zip>
      <country>USA</country>
    </address>
  </LowIncomeCustomer>
  <LowIncomeCustomer>
    <code>M003</code>
    <primaryContact>
      <code>306a</code>
      <firstName>Brock</firstName>
      <lastName>Sampson</lastName>
      <address>
        <street>123 N 1st Street</street>
        <city>Omaha</city>
        <state>NE</state>
        <zip>68116</zip>
        <country>USA</country>
      </address>
      <emailAddresses>
        <string>brock_f_sampson@gmail.com</string>
        <string>bsampson@venture.com</string>
      </emailAddresses>
    </primaryContact>
    <name>Valueless Club</name>
    <address>
      <street>123 Venture Way</street>
      <city>Culver City</city>
      <state>CA</state>
      <zip>90230</zip>
      <country>USA</country>
    </address>
  </LowIncomeCustomer>
  <GeneralCustomer>
    <code>M004</code>
    <primaryContact>
      <code>321f</code>
      <firstName>Bud</firstName>
      <lastName>Fox</lastName>
      <address>
        <street>321 Bronx Street</street>
        <city>New York</city>
        <state>NY</state>
        <zip>10004</zip>
        <country>USA</country>
      </address>
      <emailAddresses>
        <string>bfox@gmail.com</string>
        <string>csheen@crazy.net</string>
      </emailAddresses>
    </primaryContact>
    <name>Stony Brook</name>
    <address>
      <street>9800 Savage Rd</street>
      <city>Fort Meade</city>
      <state>MD</state>
      <zip>20755</zip>
      <country>USA</country>
    </address>
  </GeneralCustomer>
  <GeneralCustomer>
    <code>M005</code>
    <primaryContact>
      <code>bbchar</code>
      <firstName>Kaylee</firstName>
      <lastName>Ehrmantraut</lastName>
      <address>
        <street>800 West 7th Street</street>
        <city>Albuquerque</city>
        <state>NM</state>
        <zip>87105</zip>
        <country>USA</country>
      </address>
      <emailAddresses/>
    </primaryContact>
    <name>Hewlett Industries</name>
    <address>
      <street>1060 West Addison</street>
      <city>Chicago</city>
      <state>IL</state>
      <zip>60601</zip>
      <country>USA</country>
    </address>
  </GeneralCustomer>
  <LowIncomeCustomer>
    <code>M006</code>
    <primaryContact>
      <code>321dr</code>
      <firstName>C.</firstName>
      <lastName>Baker</lastName>
      <address>
        <street>Avery Hall</street>
        <city>Lincoln</city>
        <state>NE</state>
        <zip>68503</zip>
        <country>USA</country>
      </address>
      <emailAddresses>
        <string>dr@baker.com</string>
      </emailAddresses>
    </primaryContact>
    <name>Gregory Smith</name>
    <address>
      <street>456 West 7th St.</street>
      <city>Omaha</city>
      <state>NE</state>
      <zip>68500</zip>
      <country>USA</country>
    </address>
  </LowIncomeCustomer>
</list>